Domain,Num triplets,fold,Algorithm,ok,no_solution,timeout,not_applicable,goal_not_achieved,solver_error,validated_against_expert_plan,not_validated_against_expert_plan,problems_ok,problems_no_solution,problems_timeout,problems_solver_error,problems_not_applicable,problems_goal_not_achieved,problems_validated_against_expert_plan,problems_not_validated_against_expert_plan
driverlog,1,0,rosame,20,0,0,0,0,0,0,0,"['pfile5.pddl', 'pfile10.pddl', 'pfile9.pddl', 'pfile8.pddl', 'pfile11.pddl', 'pfile4.pddl', 'pfile16.pddl', 'pfile3.pddl', 'pfile2.pddl', 'pfile17.pddl', 'pfile14.pddl', 'pfile1.pddl', 'pfile18.pddl', 'pfile19.pddl', 'pfile0.pddl', 'pfile15.pddl', 'pfile7.pddl', 'pfile12.pddl', 'pfile13.pddl', 'pfile6.pddl']",[],[],[],[],[],[],[]
driverlog,1,1,rosame,20,0,0,0,0,0,0,0,"['pfile5.pddl', 'pfile10.pddl', 'pfile9.pddl', 'pfile8.pddl', 'pfile11.pddl', 'pfile4.pddl', 'pfile16.pddl', 'pfile3.pddl', 'pfile2.pddl', 'pfile17.pddl', 'pfile14.pddl', 'pfile1.pddl', 'pfile18.pddl', 'pfile19.pddl', 'pfile0.pddl', 'pfile15.pddl', 'pfile7.pddl', 'pfile12.pddl', 'pfile13.pddl', 'pfile6.pddl']",[],[],[],[],[],[],[]
driverlog,1,2,rosame,7,0,13,0,0,0,0,0,"['pfile11.pddl', 'pfile16.pddl', 'pfile2.pddl', 'pfile17.pddl', 'pfile19.pddl', 'pfile15.pddl', 'pfile13.pddl']",[],[],[],[],[],[],[]
driverlog,1,3,rosame,20,0,0,0,0,0,0,0,"['pfile5.pddl', 'pfile10.pddl', 'pfile9.pddl', 'pfile8.pddl', 'pfile11.pddl', 'pfile4.pddl', 'pfile16.pddl', 'pfile3.pddl', 'pfile2.pddl', 'pfile17.pddl', 'pfile14.pddl', 'pfile1.pddl', 'pfile18.pddl', 'pfile19.pddl', 'pfile0.pddl', 'pfile15.pddl', 'pfile7.pddl', 'pfile12.pddl', 'pfile13.pddl', 'pfile6.pddl']",[],[],[],[],[],[],[]
driverlog,1,4,rosame,20,0,0,0,0,0,0,0,"['pfile5.pddl', 'pfile10.pddl', 'pfile9.pddl', 'pfile8.pddl', 'pfile11.pddl', 'pfile4.pddl', 'pfile16.pddl', 'pfile3.pddl', 'pfile2.pddl', 'pfile17.pddl', 'pfile14.pddl', 'pfile1.pddl', 'pfile18.pddl', 'pfile19.pddl', 'pfile0.pddl', 'pfile15.pddl', 'pfile7.pddl', 'pfile12.pddl', 'pfile13.pddl', 'pfile6.pddl']",[],[],[],[],[],[],[]
driverlog,2,0,rosame,20,0,0,0,0,0,0,0,"['pfile5.pddl', 'pfile10.pddl', 'pfile9.pddl', 'pfile8.pddl', 'pfile11.pddl', 'pfile4.pddl', 'pfile16.pddl', 'pfile3.pddl', 'pfile2.pddl', 'pfile17.pddl', 'pfile14.pddl', 'pfile1.pddl', 'pfile18.pddl', 'pfile19.pddl', 'pfile0.pddl', 'pfile15.pddl', 'pfile7.pddl', 'pfile12.pddl', 'pfile13.pddl', 'pfile6.pddl']",[],[],[],[],[],[],[]
driverlog,2,1,rosame,20,0,0,0,0,0,0,0,"['pfile5.pddl', 'pfile10.pddl', 'pfile9.pddl', 'pfile8.pddl', 'pfile11.pddl', 'pfile4.pddl', 'pfile16.pddl', 'pfile3.pddl', 'pfile2.pddl', 'pfile17.pddl', 'pfile14.pddl', 'pfile1.pddl', 'pfile18.pddl', 'pfile19.pddl', 'pfile0.pddl', 'pfile15.pddl', 'pfile7.pddl', 'pfile12.pddl', 'pfile13.pddl', 'pfile6.pddl']",[],[],[],[],[],[],[]
driverlog,2,2,rosame,20,0,0,0,0,0,0,0,"['pfile5.pddl', 'pfile10.pddl', 'pfile9.pddl', 'pfile8.pddl', 'pfile11.pddl', 'pfile4.pddl', 'pfile16.pddl', 'pfile3.pddl', 'pfile2.pddl', 'pfile17.pddl', 'pfile14.pddl', 'pfile1.pddl', 'pfile18.pddl', 'pfile19.pddl', 'pfile0.pddl', 'pfile15.pddl', 'pfile7.pddl', 'pfile12.pddl', 'pfile13.pddl', 'pfile6.pddl']",[],[],[],[],[],[],[]
driverlog,2,3,rosame,20,0,0,0,0,0,0,0,"['pfile5.pddl', 'pfile10.pddl', 'pfile9.pddl', 'pfile8.pddl', 'pfile11.pddl', 'pfile4.pddl', 'pfile16.pddl', 'pfile3.pddl', 'pfile2.pddl', 'pfile17.pddl', 'pfile14.pddl', 'pfile1.pddl', 'pfile18.pddl', 'pfile19.pddl', 'pfile0.pddl', 'pfile15.pddl', 'pfile7.pddl', 'pfile12.pddl', 'pfile13.pddl', 'pfile6.pddl']",[],[],[],[],[],[],[]
driverlog,2,4,rosame,20,0,0,0,0,0,0,0,"['pfile5.pddl', 'pfile10.pddl', 'pfile9.pddl', 'pfile8.pddl', 'pfile11.pddl', 'pfile4.pddl', 'pfile16.pddl', 'pfile3.pddl', 'pfile2.pddl', 'pfile17.pddl', 'pfile14.pddl', 'pfile1.pddl', 'pfile18.pddl', 'pfile19.pddl', 'pfile0.pddl', 'pfile15.pddl', 'pfile7.pddl', 'pfile12.pddl', 'pfile13.pddl', 'pfile6.pddl']",[],[],[],[],[],[],[]
driverlog,3,0,rosame,20,0,0,0,0,0,0,0,"['pfile5.pddl', 'pfile10.pddl', 'pfile9.pddl', 'pfile8.pddl', 'pfile11.pddl', 'pfile4.pddl', 'pfile16.pddl', 'pfile3.pddl', 'pfile2.pddl', 'pfile17.pddl', 'pfile14.pddl', 'pfile1.pddl', 'pfile18.pddl', 'pfile19.pddl', 'pfile0.pddl', 'pfile15.pddl', 'pfile7.pddl', 'pfile12.pddl', 'pfile13.pddl', 'pfile6.pddl']",[],[],[],[],[],[],[]
driverlog,3,1,rosame,20,0,0,0,0,0,0,0,"['pfile5.pddl', 'pfile10.pddl', 'pfile9.pddl', 'pfile8.pddl', 'pfile11.pddl', 'pfile4.pddl', 'pfile16.pddl', 'pfile3.pddl', 'pfile2.pddl', 'pfile17.pddl', 'pfile14.pddl', 'pfile1.pddl', 'pfile18.pddl', 'pfile19.pddl', 'pfile0.pddl', 'pfile15.pddl', 'pfile7.pddl', 'pfile12.pddl', 'pfile13.pddl', 'pfile6.pddl']",[],[],[],[],[],[],[]
driverlog,3,2,rosame,20,0,0,0,0,0,0,0,"['pfile5.pddl', 'pfile10.pddl', 'pfile9.pddl', 'pfile8.pddl', 'pfile11.pddl', 'pfile4.pddl', 'pfile16.pddl', 'pfile3.pddl', 'pfile2.pddl', 'pfile17.pddl', 'pfile14.pddl', 'pfile1.pddl', 'pfile18.pddl', 'pfile19.pddl', 'pfile0.pddl', 'pfile15.pddl', 'pfile7.pddl', 'pfile12.pddl', 'pfile13.pddl', 'pfile6.pddl']",[],[],[],[],[],[],[]
driverlog,3,3,rosame,20,0,0,0,0,0,0,0,"['pfile5.pddl', 'pfile10.pddl', 'pfile9.pddl', 'pfile8.pddl', 'pfile11.pddl', 'pfile4.pddl', 'pfile16.pddl', 'pfile3.pddl', 'pfile2.pddl', 'pfile17.pddl', 'pfile14.pddl', 'pfile1.pddl', 'pfile18.pddl', 'pfile19.pddl', 'pfile0.pddl', 'pfile15.pddl', 'pfile7.pddl', 'pfile12.pddl', 'pfile13.pddl', 'pfile6.pddl']",[],[],[],[],[],[],[]
driverlog,3,4,rosame,20,0,0,0,0,0,0,0,"['pfile5.pddl', 'pfile10.pddl', 'pfile9.pddl', 'pfile8.pddl', 'pfile11.pddl', 'pfile4.pddl', 'pfile16.pddl', 'pfile3.pddl', 'pfile2.pddl', 'pfile17.pddl', 'pfile14.pddl', 'pfile1.pddl', 'pfile18.pddl', 'pfile19.pddl', 'pfile0.pddl', 'pfile15.pddl', 'pfile7.pddl', 'pfile12.pddl', 'pfile13.pddl', 'pfile6.pddl']",[],[],[],[],[],[],[]
driverlog,4,0,rosame,20,0,0,0,0,0,0,0,"['pfile5.pddl', 'pfile10.pddl', 'pfile9.pddl', 'pfile8.pddl', 'pfile11.pddl', 'pfile4.pddl', 'pfile16.pddl', 'pfile3.pddl', 'pfile2.pddl', 'pfile17.pddl', 'pfile14.pddl', 'pfile1.pddl', 'pfile18.pddl', 'pfile19.pddl', 'pfile0.pddl', 'pfile15.pddl', 'pfile7.pddl', 'pfile12.pddl', 'pfile13.pddl', 'pfile6.pddl']",[],[],[],[],[],[],[]
driverlog,4,1,rosame,20,0,0,0,0,0,0,0,"['pfile5.pddl', 'pfile10.pddl', 'pfile9.pddl', 'pfile8.pddl', 'pfile11.pddl', 'pfile4.pddl', 'pfile16.pddl', 'pfile3.pddl', 'pfile2.pddl', 'pfile17.pddl', 'pfile14.pddl', 'pfile1.pddl', 'pfile18.pddl', 'pfile19.pddl', 'pfile0.pddl', 'pfile15.pddl', 'pfile7.pddl', 'pfile12.pddl', 'pfile13.pddl', 'pfile6.pddl']",[],[],[],[],[],[],[]
driverlog,4,2,rosame,20,0,0,0,0,0,0,0,"['pfile5.pddl', 'pfile10.pddl', 'pfile9.pddl', 'pfile8.pddl', 'pfile11.pddl', 'pfile4.pddl', 'pfile16.pddl', 'pfile3.pddl', 'pfile2.pddl', 'pfile17.pddl', 'pfile14.pddl', 'pfile1.pddl', 'pfile18.pddl', 'pfile19.pddl', 'pfile0.pddl', 'pfile15.pddl', 'pfile7.pddl', 'pfile12.pddl', 'pfile13.pddl', 'pfile6.pddl']",[],[],[],[],[],[],[]
driverlog,4,3,rosame,20,0,0,0,0,0,0,0,"['pfile5.pddl', 'pfile10.pddl', 'pfile9.pddl', 'pfile8.pddl', 'pfile11.pddl', 'pfile4.pddl', 'pfile16.pddl', 'pfile3.pddl', 'pfile2.pddl', 'pfile17.pddl', 'pfile14.pddl', 'pfile1.pddl', 'pfile18.pddl', 'pfile19.pddl', 'pfile0.pddl', 'pfile15.pddl', 'pfile7.pddl', 'pfile12.pddl', 'pfile13.pddl', 'pfile6.pddl']",[],[],[],[],[],[],[]
driverlog,4,4,rosame,20,0,0,0,0,0,0,0,"['pfile5.pddl', 'pfile10.pddl', 'pfile9.pddl', 'pfile8.pddl', 'pfile11.pddl', 'pfile4.pddl', 'pfile16.pddl', 'pfile3.pddl', 'pfile2.pddl', 'pfile17.pddl', 'pfile14.pddl', 'pfile1.pddl', 'pfile18.pddl', 'pfile19.pddl', 'pfile0.pddl', 'pfile15.pddl', 'pfile7.pddl', 'pfile12.pddl', 'pfile13.pddl', 'pfile6.pddl']",[],[],[],[],[],[],[]
driverlog,5,0,rosame,20,0,0,0,0,0,0,0,"['pfile5.pddl', 'pfile10.pddl', 'pfile9.pddl', 'pfile8.pddl', 'pfile11.pddl', 'pfile4.pddl', 'pfile16.pddl', 'pfile3.pddl', 'pfile2.pddl', 'pfile17.pddl', 'pfile14.pddl', 'pfile1.pddl', 'pfile18.pddl', 'pfile19.pddl', 'pfile0.pddl', 'pfile15.pddl', 'pfile7.pddl', 'pfile12.pddl', 'pfile13.pddl', 'pfile6.pddl']",[],[],[],[],[],[],[]
driverlog,5,1,rosame,20,0,0,0,0,0,0,0,"['pfile5.pddl', 'pfile10.pddl', 'pfile9.pddl', 'pfile8.pddl', 'pfile11.pddl', 'pfile4.pddl', 'pfile16.pddl', 'pfile3.pddl', 'pfile2.pddl', 'pfile17.pddl', 'pfile14.pddl', 'pfile1.pddl', 'pfile18.pddl', 'pfile19.pddl', 'pfile0.pddl', 'pfile15.pddl', 'pfile7.pddl', 'pfile12.pddl', 'pfile13.pddl', 'pfile6.pddl']",[],[],[],[],[],[],[]
driverlog,5,2,rosame,20,0,0,0,0,0,0,0,"['pfile5.pddl', 'pfile10.pddl', 'pfile9.pddl', 'pfile8.pddl', 'pfile11.pddl', 'pfile4.pddl', 'pfile16.pddl', 'pfile3.pddl', 'pfile2.pddl', 'pfile17.pddl', 'pfile14.pddl', 'pfile1.pddl', 'pfile18.pddl', 'pfile19.pddl', 'pfile0.pddl', 'pfile15.pddl', 'pfile7.pddl', 'pfile12.pddl', 'pfile13.pddl', 'pfile6.pddl']",[],[],[],[],[],[],[]
driverlog,5,3,rosame,20,0,0,0,0,0,0,0,"['pfile5.pddl', 'pfile10.pddl', 'pfile9.pddl', 'pfile8.pddl', 'pfile11.pddl', 'pfile4.pddl', 'pfile16.pddl', 'pfile3.pddl', 'pfile2.pddl', 'pfile17.pddl', 'pfile14.pddl', 'pfile1.pddl', 'pfile18.pddl', 'pfile19.pddl', 'pfile0.pddl', 'pfile15.pddl', 'pfile7.pddl', 'pfile12.pddl', 'pfile13.pddl', 'pfile6.pddl']",[],[],[],[],[],[],[]
driverlog,5,4,rosame,20,0,0,0,0,0,0,0,"['pfile5.pddl', 'pfile10.pddl', 'pfile9.pddl', 'pfile8.pddl', 'pfile11.pddl', 'pfile4.pddl', 'pfile16.pddl', 'pfile3.pddl', 'pfile2.pddl', 'pfile17.pddl', 'pfile14.pddl', 'pfile1.pddl', 'pfile18.pddl', 'pfile19.pddl', 'pfile0.pddl', 'pfile15.pddl', 'pfile7.pddl', 'pfile12.pddl', 'pfile13.pddl', 'pfile6.pddl']",[],[],[],[],[],[],[]
driverlog,6,0,rosame,20,0,0,0,0,0,0,0,"['pfile5.pddl', 'pfile10.pddl', 'pfile9.pddl', 'pfile8.pddl', 'pfile11.pddl', 'pfile4.pddl', 'pfile16.pddl', 'pfile3.pddl', 'pfile2.pddl', 'pfile17.pddl', 'pfile14.pddl', 'pfile1.pddl', 'pfile18.pddl', 'pfile19.pddl', 'pfile0.pddl', 'pfile15.pddl', 'pfile7.pddl', 'pfile12.pddl', 'pfile13.pddl', 'pfile6.pddl']",[],[],[],[],[],[],[]
driverlog,6,1,rosame,20,0,0,0,0,0,0,0,"['pfile5.pddl', 'pfile10.pddl', 'pfile9.pddl', 'pfile8.pddl', 'pfile11.pddl', 'pfile4.pddl', 'pfile16.pddl', 'pfile3.pddl', 'pfile2.pddl', 'pfile17.pddl', 'pfile14.pddl', 'pfile1.pddl', 'pfile18.pddl', 'pfile19.pddl', 'pfile0.pddl', 'pfile15.pddl', 'pfile7.pddl', 'pfile12.pddl', 'pfile13.pddl', 'pfile6.pddl']",[],[],[],[],[],[],[]
driverlog,6,2,rosame,20,0,0,0,0,0,0,0,"['pfile5.pddl', 'pfile10.pddl', 'pfile9.pddl', 'pfile8.pddl', 'pfile11.pddl', 'pfile4.pddl', 'pfile16.pddl', 'pfile3.pddl', 'pfile2.pddl', 'pfile17.pddl', 'pfile14.pddl', 'pfile1.pddl', 'pfile18.pddl', 'pfile19.pddl', 'pfile0.pddl', 'pfile15.pddl', 'pfile7.pddl', 'pfile12.pddl', 'pfile13.pddl', 'pfile6.pddl']",[],[],[],[],[],[],[]
driverlog,6,3,rosame,20,0,0,0,0,0,0,0,"['pfile5.pddl', 'pfile10.pddl', 'pfile9.pddl', 'pfile8.pddl', 'pfile11.pddl', 'pfile4.pddl', 'pfile16.pddl', 'pfile3.pddl', 'pfile2.pddl', 'pfile17.pddl', 'pfile14.pddl', 'pfile1.pddl', 'pfile18.pddl', 'pfile19.pddl', 'pfile0.pddl', 'pfile15.pddl', 'pfile7.pddl', 'pfile12.pddl', 'pfile13.pddl', 'pfile6.pddl']",[],[],[],[],[],[],[]
driverlog,6,4,rosame,20,0,0,0,0,0,0,0,"['pfile5.pddl', 'pfile10.pddl', 'pfile9.pddl', 'pfile8.pddl', 'pfile11.pddl', 'pfile4.pddl', 'pfile16.pddl', 'pfile3.pddl', 'pfile2.pddl', 'pfile17.pddl', 'pfile14.pddl', 'pfile1.pddl', 'pfile18.pddl', 'pfile19.pddl', 'pfile0.pddl', 'pfile15.pddl', 'pfile7.pddl', 'pfile12.pddl', 'pfile13.pddl', 'pfile6.pddl']",[],[],[],[],[],[],[]
driverlog,7,0,rosame,20,0,0,0,0,0,0,0,"['pfile5.pddl', 'pfile10.pddl', 'pfile9.pddl', 'pfile8.pddl', 'pfile11.pddl', 'pfile4.pddl', 'pfile16.pddl', 'pfile3.pddl', 'pfile2.pddl', 'pfile17.pddl', 'pfile14.pddl', 'pfile1.pddl', 'pfile18.pddl', 'pfile19.pddl', 'pfile0.pddl', 'pfile15.pddl', 'pfile7.pddl', 'pfile12.pddl', 'pfile13.pddl', 'pfile6.pddl']",[],[],[],[],[],[],[]
driverlog,7,1,rosame,20,0,0,0,0,0,0,0,"['pfile5.pddl', 'pfile10.pddl', 'pfile9.pddl', 'pfile8.pddl', 'pfile11.pddl', 'pfile4.pddl', 'pfile16.pddl', 'pfile3.pddl', 'pfile2.pddl', 'pfile17.pddl', 'pfile14.pddl', 'pfile1.pddl', 'pfile18.pddl', 'pfile19.pddl', 'pfile0.pddl', 'pfile15.pddl', 'pfile7.pddl', 'pfile12.pddl', 'pfile13.pddl', 'pfile6.pddl']",[],[],[],[],[],[],[]
driverlog,7,2,rosame,20,0,0,0,0,0,0,0,"['pfile5.pddl', 'pfile10.pddl', 'pfile9.pddl', 'pfile8.pddl', 'pfile11.pddl', 'pfile4.pddl', 'pfile16.pddl', 'pfile3.pddl', 'pfile2.pddl', 'pfile17.pddl', 'pfile14.pddl', 'pfile1.pddl', 'pfile18.pddl', 'pfile19.pddl', 'pfile0.pddl', 'pfile15.pddl', 'pfile7.pddl', 'pfile12.pddl', 'pfile13.pddl', 'pfile6.pddl']",[],[],[],[],[],[],[]
driverlog,7,3,rosame,20,0,0,0,0,0,0,0,"['pfile5.pddl', 'pfile10.pddl', 'pfile9.pddl', 'pfile8.pddl', 'pfile11.pddl', 'pfile4.pddl', 'pfile16.pddl', 'pfile3.pddl', 'pfile2.pddl', 'pfile17.pddl', 'pfile14.pddl', 'pfile1.pddl', 'pfile18.pddl', 'pfile19.pddl', 'pfile0.pddl', 'pfile15.pddl', 'pfile7.pddl', 'pfile12.pddl', 'pfile13.pddl', 'pfile6.pddl']",[],[],[],[],[],[],[]
driverlog,7,4,rosame,20,0,0,0,0,0,0,0,"['pfile5.pddl', 'pfile10.pddl', 'pfile9.pddl', 'pfile8.pddl', 'pfile11.pddl', 'pfile4.pddl', 'pfile16.pddl', 'pfile3.pddl', 'pfile2.pddl', 'pfile17.pddl', 'pfile14.pddl', 'pfile1.pddl', 'pfile18.pddl', 'pfile19.pddl', 'pfile0.pddl', 'pfile15.pddl', 'pfile7.pddl', 'pfile12.pddl', 'pfile13.pddl', 'pfile6.pddl']",[],[],[],[],[],[],[]
driverlog,8,0,rosame,20,0,0,0,0,0,0,0,"['pfile5.pddl', 'pfile10.pddl', 'pfile9.pddl', 'pfile8.pddl', 'pfile11.pddl', 'pfile4.pddl', 'pfile16.pddl', 'pfile3.pddl', 'pfile2.pddl', 'pfile17.pddl', 'pfile14.pddl', 'pfile1.pddl', 'pfile18.pddl', 'pfile19.pddl', 'pfile0.pddl', 'pfile15.pddl', 'pfile7.pddl', 'pfile12.pddl', 'pfile13.pddl', 'pfile6.pddl']",[],[],[],[],[],[],[]
driverlog,8,1,rosame,20,0,0,0,0,0,0,0,"['pfile5.pddl', 'pfile10.pddl', 'pfile9.pddl', 'pfile8.pddl', 'pfile11.pddl', 'pfile4.pddl', 'pfile16.pddl', 'pfile3.pddl', 'pfile2.pddl', 'pfile17.pddl', 'pfile14.pddl', 'pfile1.pddl', 'pfile18.pddl', 'pfile19.pddl', 'pfile0.pddl', 'pfile15.pddl', 'pfile7.pddl', 'pfile12.pddl', 'pfile13.pddl', 'pfile6.pddl']",[],[],[],[],[],[],[]
driverlog,8,2,rosame,20,0,0,0,0,0,0,0,"['pfile5.pddl', 'pfile10.pddl', 'pfile9.pddl', 'pfile8.pddl', 'pfile11.pddl', 'pfile4.pddl', 'pfile16.pddl', 'pfile3.pddl', 'pfile2.pddl', 'pfile17.pddl', 'pfile14.pddl', 'pfile1.pddl', 'pfile18.pddl', 'pfile19.pddl', 'pfile0.pddl', 'pfile15.pddl', 'pfile7.pddl', 'pfile12.pddl', 'pfile13.pddl', 'pfile6.pddl']",[],[],[],[],[],[],[]
driverlog,8,3,rosame,20,0,0,0,0,0,0,0,"['pfile5.pddl', 'pfile10.pddl', 'pfile9.pddl', 'pfile8.pddl', 'pfile11.pddl', 'pfile4.pddl', 'pfile16.pddl', 'pfile3.pddl', 'pfile2.pddl', 'pfile17.pddl', 'pfile14.pddl', 'pfile1.pddl', 'pfile18.pddl', 'pfile19.pddl', 'pfile0.pddl', 'pfile15.pddl', 'pfile7.pddl', 'pfile12.pddl', 'pfile13.pddl', 'pfile6.pddl']",[],[],[],[],[],[],[]
driverlog,8,4,rosame,20,0,0,0,0,0,0,0,"['pfile5.pddl', 'pfile10.pddl', 'pfile9.pddl', 'pfile8.pddl', 'pfile11.pddl', 'pfile4.pddl', 'pfile16.pddl', 'pfile3.pddl', 'pfile2.pddl', 'pfile17.pddl', 'pfile14.pddl', 'pfile1.pddl', 'pfile18.pddl', 'pfile19.pddl', 'pfile0.pddl', 'pfile15.pddl', 'pfile7.pddl', 'pfile12.pddl', 'pfile13.pddl', 'pfile6.pddl']",[],[],[],[],[],[],[]
driverlog,9,0,rosame,20,0,0,0,0,0,0,0,"['pfile5.pddl', 'pfile10.pddl', 'pfile9.pddl', 'pfile8.pddl', 'pfile11.pddl', 'pfile4.pddl', 'pfile16.pddl', 'pfile3.pddl', 'pfile2.pddl', 'pfile17.pddl', 'pfile14.pddl', 'pfile1.pddl', 'pfile18.pddl', 'pfile19.pddl', 'pfile0.pddl', 'pfile15.pddl', 'pfile7.pddl', 'pfile12.pddl', 'pfile13.pddl', 'pfile6.pddl']",[],[],[],[],[],[],[]
driverlog,9,1,rosame,20,0,0,0,0,0,0,0,"['pfile5.pddl', 'pfile10.pddl', 'pfile9.pddl', 'pfile8.pddl', 'pfile11.pddl', 'pfile4.pddl', 'pfile16.pddl', 'pfile3.pddl', 'pfile2.pddl', 'pfile17.pddl', 'pfile14.pddl', 'pfile1.pddl', 'pfile18.pddl', 'pfile19.pddl', 'pfile0.pddl', 'pfile15.pddl', 'pfile7.pddl', 'pfile12.pddl', 'pfile13.pddl', 'pfile6.pddl']",[],[],[],[],[],[],[]
driverlog,9,2,rosame,20,0,0,0,0,0,0,0,"['pfile5.pddl', 'pfile10.pddl', 'pfile9.pddl', 'pfile8.pddl', 'pfile11.pddl', 'pfile4.pddl', 'pfile16.pddl', 'pfile3.pddl', 'pfile2.pddl', 'pfile17.pddl', 'pfile14.pddl', 'pfile1.pddl', 'pfile18.pddl', 'pfile19.pddl', 'pfile0.pddl', 'pfile15.pddl', 'pfile7.pddl', 'pfile12.pddl', 'pfile13.pddl', 'pfile6.pddl']",[],[],[],[],[],[],[]
driverlog,9,3,rosame,20,0,0,0,0,0,0,0,"['pfile5.pddl', 'pfile10.pddl', 'pfile9.pddl', 'pfile8.pddl', 'pfile11.pddl', 'pfile4.pddl', 'pfile16.pddl', 'pfile3.pddl', 'pfile2.pddl', 'pfile17.pddl', 'pfile14.pddl', 'pfile1.pddl', 'pfile18.pddl', 'pfile19.pddl', 'pfile0.pddl', 'pfile15.pddl', 'pfile7.pddl', 'pfile12.pddl', 'pfile13.pddl', 'pfile6.pddl']",[],[],[],[],[],[],[]
driverlog,9,4,rosame,20,0,0,0,0,0,0,0,"['pfile5.pddl', 'pfile10.pddl', 'pfile9.pddl', 'pfile8.pddl', 'pfile11.pddl', 'pfile4.pddl', 'pfile16.pddl', 'pfile3.pddl', 'pfile2.pddl', 'pfile17.pddl', 'pfile14.pddl', 'pfile1.pddl', 'pfile18.pddl', 'pfile19.pddl', 'pfile0.pddl', 'pfile15.pddl', 'pfile7.pddl', 'pfile12.pddl', 'pfile13.pddl', 'pfile6.pddl']",[],[],[],[],[],[],[]
driverlog,10,0,rosame,20,0,0,0,0,0,0,0,"['pfile5.pddl', 'pfile10.pddl', 'pfile9.pddl', 'pfile8.pddl', 'pfile11.pddl', 'pfile4.pddl', 'pfile16.pddl', 'pfile3.pddl', 'pfile2.pddl', 'pfile17.pddl', 'pfile14.pddl', 'pfile1.pddl', 'pfile18.pddl', 'pfile19.pddl', 'pfile0.pddl', 'pfile15.pddl', 'pfile7.pddl', 'pfile12.pddl', 'pfile13.pddl', 'pfile6.pddl']",[],[],[],[],[],[],[]
driverlog,10,1,rosame,20,0,0,0,0,0,0,0,"['pfile5.pddl', 'pfile10.pddl', 'pfile9.pddl', 'pfile8.pddl', 'pfile11.pddl', 'pfile4.pddl', 'pfile16.pddl', 'pfile3.pddl', 'pfile2.pddl', 'pfile17.pddl', 'pfile14.pddl', 'pfile1.pddl', 'pfile18.pddl', 'pfile19.pddl', 'pfile0.pddl', 'pfile15.pddl', 'pfile7.pddl', 'pfile12.pddl', 'pfile13.pddl', 'pfile6.pddl']",[],[],[],[],[],[],[]
driverlog,10,2,rosame,20,0,0,0,0,0,0,0,"['pfile5.pddl', 'pfile10.pddl', 'pfile9.pddl', 'pfile8.pddl', 'pfile11.pddl', 'pfile4.pddl', 'pfile16.pddl', 'pfile3.pddl', 'pfile2.pddl', 'pfile17.pddl', 'pfile14.pddl', 'pfile1.pddl', 'pfile18.pddl', 'pfile19.pddl', 'pfile0.pddl', 'pfile15.pddl', 'pfile7.pddl', 'pfile12.pddl', 'pfile13.pddl', 'pfile6.pddl']",[],[],[],[],[],[],[]
driverlog,10,3,rosame,20,0,0,0,0,0,0,0,"['pfile5.pddl', 'pfile10.pddl', 'pfile9.pddl', 'pfile8.pddl', 'pfile11.pddl', 'pfile4.pddl', 'pfile16.pddl', 'pfile3.pddl', 'pfile2.pddl', 'pfile17.pddl', 'pfile14.pddl', 'pfile1.pddl', 'pfile18.pddl', 'pfile19.pddl', 'pfile0.pddl', 'pfile15.pddl', 'pfile7.pddl', 'pfile12.pddl', 'pfile13.pddl', 'pfile6.pddl']",[],[],[],[],[],[],[]
driverlog,10,4,rosame,20,0,0,0,0,0,0,0,"['pfile5.pddl', 'pfile10.pddl', 'pfile9.pddl', 'pfile8.pddl', 'pfile11.pddl', 'pfile4.pddl', 'pfile16.pddl', 'pfile3.pddl', 'pfile2.pddl', 'pfile17.pddl', 'pfile14.pddl', 'pfile1.pddl', 'pfile18.pddl', 'pfile19.pddl', 'pfile0.pddl', 'pfile15.pddl', 'pfile7.pddl', 'pfile12.pddl', 'pfile13.pddl', 'pfile6.pddl']",[],[],[],[],[],[],[]
driverlog,15,0,rosame,20,0,0,0,0,0,0,0,"['pfile5.pddl', 'pfile10.pddl', 'pfile9.pddl', 'pfile8.pddl', 'pfile11.pddl', 'pfile4.pddl', 'pfile16.pddl', 'pfile3.pddl', 'pfile2.pddl', 'pfile17.pddl', 'pfile14.pddl', 'pfile1.pddl', 'pfile18.pddl', 'pfile19.pddl', 'pfile0.pddl', 'pfile15.pddl', 'pfile7.pddl', 'pfile12.pddl', 'pfile13.pddl', 'pfile6.pddl']",[],[],[],[],[],[],[]
driverlog,15,1,rosame,20,0,0,0,0,0,0,0,"['pfile5.pddl', 'pfile10.pddl', 'pfile9.pddl', 'pfile8.pddl', 'pfile11.pddl', 'pfile4.pddl', 'pfile16.pddl', 'pfile3.pddl', 'pfile2.pddl', 'pfile17.pddl', 'pfile14.pddl', 'pfile1.pddl', 'pfile18.pddl', 'pfile19.pddl', 'pfile0.pddl', 'pfile15.pddl', 'pfile7.pddl', 'pfile12.pddl', 'pfile13.pddl', 'pfile6.pddl']",[],[],[],[],[],[],[]
driverlog,15,2,rosame,20,0,0,0,0,0,0,0,"['pfile5.pddl', 'pfile10.pddl', 'pfile9.pddl', 'pfile8.pddl', 'pfile11.pddl', 'pfile4.pddl', 'pfile16.pddl', 'pfile3.pddl', 'pfile2.pddl', 'pfile17.pddl', 'pfile14.pddl', 'pfile1.pddl', 'pfile18.pddl', 'pfile19.pddl', 'pfile0.pddl', 'pfile15.pddl', 'pfile7.pddl', 'pfile12.pddl', 'pfile13.pddl', 'pfile6.pddl']",[],[],[],[],[],[],[]
driverlog,15,3,rosame,20,0,0,0,0,0,0,0,"['pfile5.pddl', 'pfile10.pddl', 'pfile9.pddl', 'pfile8.pddl', 'pfile11.pddl', 'pfile4.pddl', 'pfile16.pddl', 'pfile3.pddl', 'pfile2.pddl', 'pfile17.pddl', 'pfile14.pddl', 'pfile1.pddl', 'pfile18.pddl', 'pfile19.pddl', 'pfile0.pddl', 'pfile15.pddl', 'pfile7.pddl', 'pfile12.pddl', 'pfile13.pddl', 'pfile6.pddl']",[],[],[],[],[],[],[]
driverlog,15,4,rosame,20,0,0,0,0,0,0,0,"['pfile5.pddl', 'pfile10.pddl', 'pfile9.pddl', 'pfile8.pddl', 'pfile11.pddl', 'pfile4.pddl', 'pfile16.pddl', 'pfile3.pddl', 'pfile2.pddl', 'pfile17.pddl', 'pfile14.pddl', 'pfile1.pddl', 'pfile18.pddl', 'pfile19.pddl', 'pfile0.pddl', 'pfile15.pddl', 'pfile7.pddl', 'pfile12.pddl', 'pfile13.pddl', 'pfile6.pddl']",[],[],[],[],[],[],[]
driverlog,1,0,sam,20,0,0,0,0,0,0,0,"['pfile5.pddl', 'pfile10.pddl', 'pfile9.pddl', 'pfile8.pddl', 'pfile11.pddl', 'pfile4.pddl', 'pfile16.pddl', 'pfile3.pddl', 'pfile2.pddl', 'pfile17.pddl', 'pfile14.pddl', 'pfile1.pddl', 'pfile18.pddl', 'pfile19.pddl', 'pfile0.pddl', 'pfile15.pddl', 'pfile7.pddl', 'pfile12.pddl', 'pfile13.pddl', 'pfile6.pddl']",[],[],[],[],[],[],[]
driverlog,1,1,sam,20,0,0,0,0,0,0,0,"['pfile5.pddl', 'pfile10.pddl', 'pfile9.pddl', 'pfile8.pddl', 'pfile11.pddl', 'pfile4.pddl', 'pfile16.pddl', 'pfile3.pddl', 'pfile2.pddl', 'pfile17.pddl', 'pfile14.pddl', 'pfile1.pddl', 'pfile18.pddl', 'pfile19.pddl', 'pfile0.pddl', 'pfile15.pddl', 'pfile7.pddl', 'pfile12.pddl', 'pfile13.pddl', 'pfile6.pddl']",[],[],[],[],[],[],[]
driverlog,1,2,sam,7,0,13,0,0,0,0,0,"['pfile11.pddl', 'pfile16.pddl', 'pfile2.pddl', 'pfile17.pddl', 'pfile19.pddl', 'pfile15.pddl', 'pfile13.pddl']",[],[],[],[],[],[],[]
driverlog,1,3,sam,20,0,0,0,0,0,0,0,"['pfile5.pddl', 'pfile10.pddl', 'pfile9.pddl', 'pfile8.pddl', 'pfile11.pddl', 'pfile4.pddl', 'pfile16.pddl', 'pfile3.pddl', 'pfile2.pddl', 'pfile17.pddl', 'pfile14.pddl', 'pfile1.pddl', 'pfile18.pddl', 'pfile19.pddl', 'pfile0.pddl', 'pfile15.pddl', 'pfile7.pddl', 'pfile12.pddl', 'pfile13.pddl', 'pfile6.pddl']",[],[],[],[],[],[],[]
driverlog,1,4,sam,20,0,0,0,0,0,0,0,"['pfile5.pddl', 'pfile10.pddl', 'pfile9.pddl', 'pfile8.pddl', 'pfile11.pddl', 'pfile4.pddl', 'pfile16.pddl', 'pfile3.pddl', 'pfile2.pddl', 'pfile17.pddl', 'pfile14.pddl', 'pfile1.pddl', 'pfile18.pddl', 'pfile19.pddl', 'pfile0.pddl', 'pfile15.pddl', 'pfile7.pddl', 'pfile12.pddl', 'pfile13.pddl', 'pfile6.pddl']",[],[],[],[],[],[],[]
driverlog,2,0,sam,20,0,0,0,0,0,0,0,"['pfile5.pddl', 'pfile10.pddl', 'pfile9.pddl', 'pfile8.pddl', 'pfile11.pddl', 'pfile4.pddl', 'pfile16.pddl', 'pfile3.pddl', 'pfile2.pddl', 'pfile17.pddl', 'pfile14.pddl', 'pfile1.pddl', 'pfile18.pddl', 'pfile19.pddl', 'pfile0.pddl', 'pfile15.pddl', 'pfile7.pddl', 'pfile12.pddl', 'pfile13.pddl', 'pfile6.pddl']",[],[],[],[],[],[],[]
driverlog,2,1,sam,20,0,0,0,0,0,0,0,"['pfile5.pddl', 'pfile10.pddl', 'pfile9.pddl', 'pfile8.pddl', 'pfile11.pddl', 'pfile4.pddl', 'pfile16.pddl', 'pfile3.pddl', 'pfile2.pddl', 'pfile17.pddl', 'pfile14.pddl', 'pfile1.pddl', 'pfile18.pddl', 'pfile19.pddl', 'pfile0.pddl', 'pfile15.pddl', 'pfile7.pddl', 'pfile12.pddl', 'pfile13.pddl', 'pfile6.pddl']",[],[],[],[],[],[],[]
driverlog,2,2,sam,20,0,0,0,0,0,0,0,"['pfile5.pddl', 'pfile10.pddl', 'pfile9.pddl', 'pfile8.pddl', 'pfile11.pddl', 'pfile4.pddl', 'pfile16.pddl', 'pfile3.pddl', 'pfile2.pddl', 'pfile17.pddl', 'pfile14.pddl', 'pfile1.pddl', 'pfile18.pddl', 'pfile19.pddl', 'pfile0.pddl', 'pfile15.pddl', 'pfile7.pddl', 'pfile12.pddl', 'pfile13.pddl', 'pfile6.pddl']",[],[],[],[],[],[],[]
driverlog,2,3,sam,20,0,0,0,0,0,0,0,"['pfile5.pddl', 'pfile10.pddl', 'pfile9.pddl', 'pfile8.pddl', 'pfile11.pddl', 'pfile4.pddl', 'pfile16.pddl', 'pfile3.pddl', 'pfile2.pddl', 'pfile17.pddl', 'pfile14.pddl', 'pfile1.pddl', 'pfile18.pddl', 'pfile19.pddl', 'pfile0.pddl', 'pfile15.pddl', 'pfile7.pddl', 'pfile12.pddl', 'pfile13.pddl', 'pfile6.pddl']",[],[],[],[],[],[],[]
driverlog,2,4,sam,20,0,0,0,0,0,0,0,"['pfile5.pddl', 'pfile10.pddl', 'pfile9.pddl', 'pfile8.pddl', 'pfile11.pddl', 'pfile4.pddl', 'pfile16.pddl', 'pfile3.pddl', 'pfile2.pddl', 'pfile17.pddl', 'pfile14.pddl', 'pfile1.pddl', 'pfile18.pddl', 'pfile19.pddl', 'pfile0.pddl', 'pfile15.pddl', 'pfile7.pddl', 'pfile12.pddl', 'pfile13.pddl', 'pfile6.pddl']",[],[],[],[],[],[],[]
driverlog,3,0,sam,20,0,0,0,0,0,0,0,"['pfile5.pddl', 'pfile10.pddl', 'pfile9.pddl', 'pfile8.pddl', 'pfile11.pddl', 'pfile4.pddl', 'pfile16.pddl', 'pfile3.pddl', 'pfile2.pddl', 'pfile17.pddl', 'pfile14.pddl', 'pfile1.pddl', 'pfile18.pddl', 'pfile19.pddl', 'pfile0.pddl', 'pfile15.pddl', 'pfile7.pddl', 'pfile12.pddl', 'pfile13.pddl', 'pfile6.pddl']",[],[],[],[],[],[],[]
driverlog,3,1,sam,20,0,0,0,0,0,0,0,"['pfile5.pddl', 'pfile10.pddl', 'pfile9.pddl', 'pfile8.pddl', 'pfile11.pddl', 'pfile4.pddl', 'pfile16.pddl', 'pfile3.pddl', 'pfile2.pddl', 'pfile17.pddl', 'pfile14.pddl', 'pfile1.pddl', 'pfile18.pddl', 'pfile19.pddl', 'pfile0.pddl', 'pfile15.pddl', 'pfile7.pddl', 'pfile12.pddl', 'pfile13.pddl', 'pfile6.pddl']",[],[],[],[],[],[],[]
driverlog,3,2,sam,20,0,0,0,0,0,0,0,"['pfile5.pddl', 'pfile10.pddl', 'pfile9.pddl', 'pfile8.pddl', 'pfile11.pddl', 'pfile4.pddl', 'pfile16.pddl', 'pfile3.pddl', 'pfile2.pddl', 'pfile17.pddl', 'pfile14.pddl', 'pfile1.pddl', 'pfile18.pddl', 'pfile19.pddl', 'pfile0.pddl', 'pfile15.pddl', 'pfile7.pddl', 'pfile12.pddl', 'pfile13.pddl', 'pfile6.pddl']",[],[],[],[],[],[],[]
driverlog,3,3,sam,20,0,0,0,0,0,0,0,"['pfile5.pddl', 'pfile10.pddl', 'pfile9.pddl', 'pfile8.pddl', 'pfile11.pddl', 'pfile4.pddl', 'pfile16.pddl', 'pfile3.pddl', 'pfile2.pddl', 'pfile17.pddl', 'pfile14.pddl', 'pfile1.pddl', 'pfile18.pddl', 'pfile19.pddl', 'pfile0.pddl', 'pfile15.pddl', 'pfile7.pddl', 'pfile12.pddl', 'pfile13.pddl', 'pfile6.pddl']",[],[],[],[],[],[],[]
driverlog,3,4,sam,20,0,0,0,0,0,0,0,"['pfile5.pddl', 'pfile10.pddl', 'pfile9.pddl', 'pfile8.pddl', 'pfile11.pddl', 'pfile4.pddl', 'pfile16.pddl', 'pfile3.pddl', 'pfile2.pddl', 'pfile17.pddl', 'pfile14.pddl', 'pfile1.pddl', 'pfile18.pddl', 'pfile19.pddl', 'pfile0.pddl', 'pfile15.pddl', 'pfile7.pddl', 'pfile12.pddl', 'pfile13.pddl', 'pfile6.pddl']",[],[],[],[],[],[],[]
driverlog,4,0,sam,20,0,0,0,0,0,0,0,"['pfile5.pddl', 'pfile10.pddl', 'pfile9.pddl', 'pfile8.pddl', 'pfile11.pddl', 'pfile4.pddl', 'pfile16.pddl', 'pfile3.pddl', 'pfile2.pddl', 'pfile17.pddl', 'pfile14.pddl', 'pfile1.pddl', 'pfile18.pddl', 'pfile19.pddl', 'pfile0.pddl', 'pfile15.pddl', 'pfile7.pddl', 'pfile12.pddl', 'pfile13.pddl', 'pfile6.pddl']",[],[],[],[],[],[],[]
driverlog,4,1,sam,20,0,0,0,0,0,0,0,"['pfile5.pddl', 'pfile10.pddl', 'pfile9.pddl', 'pfile8.pddl', 'pfile11.pddl', 'pfile4.pddl', 'pfile16.pddl', 'pfile3.pddl', 'pfile2.pddl', 'pfile17.pddl', 'pfile14.pddl', 'pfile1.pddl', 'pfile18.pddl', 'pfile19.pddl', 'pfile0.pddl', 'pfile15.pddl', 'pfile7.pddl', 'pfile12.pddl', 'pfile13.pddl', 'pfile6.pddl']",[],[],[],[],[],[],[]
driverlog,4,2,sam,20,0,0,0,0,0,0,0,"['pfile5.pddl', 'pfile10.pddl', 'pfile9.pddl', 'pfile8.pddl', 'pfile11.pddl', 'pfile4.pddl', 'pfile16.pddl', 'pfile3.pddl', 'pfile2.pddl', 'pfile17.pddl', 'pfile14.pddl', 'pfile1.pddl', 'pfile18.pddl', 'pfile19.pddl', 'pfile0.pddl', 'pfile15.pddl', 'pfile7.pddl', 'pfile12.pddl', 'pfile13.pddl', 'pfile6.pddl']",[],[],[],[],[],[],[]
driverlog,4,3,sam,20,0,0,0,0,0,0,0,"['pfile5.pddl', 'pfile10.pddl', 'pfile9.pddl', 'pfile8.pddl', 'pfile11.pddl', 'pfile4.pddl', 'pfile16.pddl', 'pfile3.pddl', 'pfile2.pddl', 'pfile17.pddl', 'pfile14.pddl', 'pfile1.pddl', 'pfile18.pddl', 'pfile19.pddl', 'pfile0.pddl', 'pfile15.pddl', 'pfile7.pddl', 'pfile12.pddl', 'pfile13.pddl', 'pfile6.pddl']",[],[],[],[],[],[],[]
driverlog,4,4,sam,20,0,0,0,0,0,0,0,"['pfile5.pddl', 'pfile10.pddl', 'pfile9.pddl', 'pfile8.pddl', 'pfile11.pddl', 'pfile4.pddl', 'pfile16.pddl', 'pfile3.pddl', 'pfile2.pddl', 'pfile17.pddl', 'pfile14.pddl', 'pfile1.pddl', 'pfile18.pddl', 'pfile19.pddl', 'pfile0.pddl', 'pfile15.pddl', 'pfile7.pddl', 'pfile12.pddl', 'pfile13.pddl', 'pfile6.pddl']",[],[],[],[],[],[],[]
driverlog,5,0,sam,20,0,0,0,0,0,0,0,"['pfile5.pddl', 'pfile10.pddl', 'pfile9.pddl', 'pfile8.pddl', 'pfile11.pddl', 'pfile4.pddl', 'pfile16.pddl', 'pfile3.pddl', 'pfile2.pddl', 'pfile17.pddl', 'pfile14.pddl', 'pfile1.pddl', 'pfile18.pddl', 'pfile19.pddl', 'pfile0.pddl', 'pfile15.pddl', 'pfile7.pddl', 'pfile12.pddl', 'pfile13.pddl', 'pfile6.pddl']",[],[],[],[],[],[],[]
driverlog,5,1,sam,20,0,0,0,0,0,0,0,"['pfile5.pddl', 'pfile10.pddl', 'pfile9.pddl', 'pfile8.pddl', 'pfile11.pddl', 'pfile4.pddl', 'pfile16.pddl', 'pfile3.pddl', 'pfile2.pddl', 'pfile17.pddl', 'pfile14.pddl', 'pfile1.pddl', 'pfile18.pddl', 'pfile19.pddl', 'pfile0.pddl', 'pfile15.pddl', 'pfile7.pddl', 'pfile12.pddl', 'pfile13.pddl', 'pfile6.pddl']",[],[],[],[],[],[],[]
driverlog,5,2,sam,20,0,0,0,0,0,0,0,"['pfile5.pddl', 'pfile10.pddl', 'pfile9.pddl', 'pfile8.pddl', 'pfile11.pddl', 'pfile4.pddl', 'pfile16.pddl', 'pfile3.pddl', 'pfile2.pddl', 'pfile17.pddl', 'pfile14.pddl', 'pfile1.pddl', 'pfile18.pddl', 'pfile19.pddl', 'pfile0.pddl', 'pfile15.pddl', 'pfile7.pddl', 'pfile12.pddl', 'pfile13.pddl', 'pfile6.pddl']",[],[],[],[],[],[],[]
driverlog,5,3,sam,20,0,0,0,0,0,0,0,"['pfile5.pddl', 'pfile10.pddl', 'pfile9.pddl', 'pfile8.pddl', 'pfile11.pddl', 'pfile4.pddl', 'pfile16.pddl', 'pfile3.pddl', 'pfile2.pddl', 'pfile17.pddl', 'pfile14.pddl', 'pfile1.pddl', 'pfile18.pddl', 'pfile19.pddl', 'pfile0.pddl', 'pfile15.pddl', 'pfile7.pddl', 'pfile12.pddl', 'pfile13.pddl', 'pfile6.pddl']",[],[],[],[],[],[],[]
driverlog,5,4,sam,20,0,0,0,0,0,0,0,"['pfile5.pddl', 'pfile10.pddl', 'pfile9.pddl', 'pfile8.pddl', 'pfile11.pddl', 'pfile4.pddl', 'pfile16.pddl', 'pfile3.pddl', 'pfile2.pddl', 'pfile17.pddl', 'pfile14.pddl', 'pfile1.pddl', 'pfile18.pddl', 'pfile19.pddl', 'pfile0.pddl', 'pfile15.pddl', 'pfile7.pddl', 'pfile12.pddl', 'pfile13.pddl', 'pfile6.pddl']",[],[],[],[],[],[],[]
driverlog,6,0,sam,20,0,0,0,0,0,0,0,"['pfile5.pddl', 'pfile10.pddl', 'pfile9.pddl', 'pfile8.pddl', 'pfile11.pddl', 'pfile4.pddl', 'pfile16.pddl', 'pfile3.pddl', 'pfile2.pddl', 'pfile17.pddl', 'pfile14.pddl', 'pfile1.pddl', 'pfile18.pddl', 'pfile19.pddl', 'pfile0.pddl', 'pfile15.pddl', 'pfile7.pddl', 'pfile12.pddl', 'pfile13.pddl', 'pfile6.pddl']",[],[],[],[],[],[],[]
driverlog,6,1,sam,20,0,0,0,0,0,0,0,"['pfile5.pddl', 'pfile10.pddl', 'pfile9.pddl', 'pfile8.pddl', 'pfile11.pddl', 'pfile4.pddl', 'pfile16.pddl', 'pfile3.pddl', 'pfile2.pddl', 'pfile17.pddl', 'pfile14.pddl', 'pfile1.pddl', 'pfile18.pddl', 'pfile19.pddl', 'pfile0.pddl', 'pfile15.pddl', 'pfile7.pddl', 'pfile12.pddl', 'pfile13.pddl', 'pfile6.pddl']",[],[],[],[],[],[],[]
driverlog,6,2,sam,20,0,0,0,0,0,0,0,"['pfile5.pddl', 'pfile10.pddl', 'pfile9.pddl', 'pfile8.pddl', 'pfile11.pddl', 'pfile4.pddl', 'pfile16.pddl', 'pfile3.pddl', 'pfile2.pddl', 'pfile17.pddl', 'pfile14.pddl', 'pfile1.pddl', 'pfile18.pddl', 'pfile19.pddl', 'pfile0.pddl', 'pfile15.pddl', 'pfile7.pddl', 'pfile12.pddl', 'pfile13.pddl', 'pfile6.pddl']",[],[],[],[],[],[],[]
driverlog,6,3,sam,20,0,0,0,0,0,0,0,"['pfile5.pddl', 'pfile10.pddl', 'pfile9.pddl', 'pfile8.pddl', 'pfile11.pddl', 'pfile4.pddl', 'pfile16.pddl', 'pfile3.pddl', 'pfile2.pddl', 'pfile17.pddl', 'pfile14.pddl', 'pfile1.pddl', 'pfile18.pddl', 'pfile19.pddl', 'pfile0.pddl', 'pfile15.pddl', 'pfile7.pddl', 'pfile12.pddl', 'pfile13.pddl', 'pfile6.pddl']",[],[],[],[],[],[],[]
driverlog,6,4,sam,20,0,0,0,0,0,0,0,"['pfile5.pddl', 'pfile10.pddl', 'pfile9.pddl', 'pfile8.pddl', 'pfile11.pddl', 'pfile4.pddl', 'pfile16.pddl', 'pfile3.pddl', 'pfile2.pddl', 'pfile17.pddl', 'pfile14.pddl', 'pfile1.pddl', 'pfile18.pddl', 'pfile19.pddl', 'pfile0.pddl', 'pfile15.pddl', 'pfile7.pddl', 'pfile12.pddl', 'pfile13.pddl', 'pfile6.pddl']",[],[],[],[],[],[],[]
driverlog,7,0,sam,20,0,0,0,0,0,0,0,"['pfile5.pddl', 'pfile10.pddl', 'pfile9.pddl', 'pfile8.pddl', 'pfile11.pddl', 'pfile4.pddl', 'pfile16.pddl', 'pfile3.pddl', 'pfile2.pddl', 'pfile17.pddl', 'pfile14.pddl', 'pfile1.pddl', 'pfile18.pddl', 'pfile19.pddl', 'pfile0.pddl', 'pfile15.pddl', 'pfile7.pddl', 'pfile12.pddl', 'pfile13.pddl', 'pfile6.pddl']",[],[],[],[],[],[],[]
driverlog,7,1,sam,20,0,0,0,0,0,0,0,"['pfile5.pddl', 'pfile10.pddl', 'pfile9.pddl', 'pfile8.pddl', 'pfile11.pddl', 'pfile4.pddl', 'pfile16.pddl', 'pfile3.pddl', 'pfile2.pddl', 'pfile17.pddl', 'pfile14.pddl', 'pfile1.pddl', 'pfile18.pddl', 'pfile19.pddl', 'pfile0.pddl', 'pfile15.pddl', 'pfile7.pddl', 'pfile12.pddl', 'pfile13.pddl', 'pfile6.pddl']",[],[],[],[],[],[],[]
driverlog,7,2,sam,20,0,0,0,0,0,0,0,"['pfile5.pddl', 'pfile10.pddl', 'pfile9.pddl', 'pfile8.pddl', 'pfile11.pddl', 'pfile4.pddl', 'pfile16.pddl', 'pfile3.pddl', 'pfile2.pddl', 'pfile17.pddl', 'pfile14.pddl', 'pfile1.pddl', 'pfile18.pddl', 'pfile19.pddl', 'pfile0.pddl', 'pfile15.pddl', 'pfile7.pddl', 'pfile12.pddl', 'pfile13.pddl', 'pfile6.pddl']",[],[],[],[],[],[],[]
driverlog,7,3,sam,20,0,0,0,0,0,0,0,"['pfile5.pddl', 'pfile10.pddl', 'pfile9.pddl', 'pfile8.pddl', 'pfile11.pddl', 'pfile4.pddl', 'pfile16.pddl', 'pfile3.pddl', 'pfile2.pddl', 'pfile17.pddl', 'pfile14.pddl', 'pfile1.pddl', 'pfile18.pddl', 'pfile19.pddl', 'pfile0.pddl', 'pfile15.pddl', 'pfile7.pddl', 'pfile12.pddl', 'pfile13.pddl', 'pfile6.pddl']",[],[],[],[],[],[],[]
driverlog,7,4,sam,20,0,0,0,0,0,0,0,"['pfile5.pddl', 'pfile10.pddl', 'pfile9.pddl', 'pfile8.pddl', 'pfile11.pddl', 'pfile4.pddl', 'pfile16.pddl', 'pfile3.pddl', 'pfile2.pddl', 'pfile17.pddl', 'pfile14.pddl', 'pfile1.pddl', 'pfile18.pddl', 'pfile19.pddl', 'pfile0.pddl', 'pfile15.pddl', 'pfile7.pddl', 'pfile12.pddl', 'pfile13.pddl', 'pfile6.pddl']",[],[],[],[],[],[],[]
driverlog,8,0,sam,20,0,0,0,0,0,0,0,"['pfile5.pddl', 'pfile10.pddl', 'pfile9.pddl', 'pfile8.pddl', 'pfile11.pddl', 'pfile4.pddl', 'pfile16.pddl', 'pfile3.pddl', 'pfile2.pddl', 'pfile17.pddl', 'pfile14.pddl', 'pfile1.pddl', 'pfile18.pddl', 'pfile19.pddl', 'pfile0.pddl', 'pfile15.pddl', 'pfile7.pddl', 'pfile12.pddl', 'pfile13.pddl', 'pfile6.pddl']",[],[],[],[],[],[],[]
driverlog,8,1,sam,20,0,0,0,0,0,0,0,"['pfile5.pddl', 'pfile10.pddl', 'pfile9.pddl', 'pfile8.pddl', 'pfile11.pddl', 'pfile4.pddl', 'pfile16.pddl', 'pfile3.pddl', 'pfile2.pddl', 'pfile17.pddl', 'pfile14.pddl', 'pfile1.pddl', 'pfile18.pddl', 'pfile19.pddl', 'pfile0.pddl', 'pfile15.pddl', 'pfile7.pddl', 'pfile12.pddl', 'pfile13.pddl', 'pfile6.pddl']",[],[],[],[],[],[],[]
driverlog,8,2,sam,20,0,0,0,0,0,0,0,"['pfile5.pddl', 'pfile10.pddl', 'pfile9.pddl', 'pfile8.pddl', 'pfile11.pddl', 'pfile4.pddl', 'pfile16.pddl', 'pfile3.pddl', 'pfile2.pddl', 'pfile17.pddl', 'pfile14.pddl', 'pfile1.pddl', 'pfile18.pddl', 'pfile19.pddl', 'pfile0.pddl', 'pfile15.pddl', 'pfile7.pddl', 'pfile12.pddl', 'pfile13.pddl', 'pfile6.pddl']",[],[],[],[],[],[],[]
driverlog,8,3,sam,20,0,0,0,0,0,0,0,"['pfile5.pddl', 'pfile10.pddl', 'pfile9.pddl', 'pfile8.pddl', 'pfile11.pddl', 'pfile4.pddl', 'pfile16.pddl', 'pfile3.pddl', 'pfile2.pddl', 'pfile17.pddl', 'pfile14.pddl', 'pfile1.pddl', 'pfile18.pddl', 'pfile19.pddl', 'pfile0.pddl', 'pfile15.pddl', 'pfile7.pddl', 'pfile12.pddl', 'pfile13.pddl', 'pfile6.pddl']",[],[],[],[],[],[],[]
driverlog,8,4,sam,20,0,0,0,0,0,0,0,"['pfile5.pddl', 'pfile10.pddl', 'pfile9.pddl', 'pfile8.pddl', 'pfile11.pddl', 'pfile4.pddl', 'pfile16.pddl', 'pfile3.pddl', 'pfile2.pddl', 'pfile17.pddl', 'pfile14.pddl', 'pfile1.pddl', 'pfile18.pddl', 'pfile19.pddl', 'pfile0.pddl', 'pfile15.pddl', 'pfile7.pddl', 'pfile12.pddl', 'pfile13.pddl', 'pfile6.pddl']",[],[],[],[],[],[],[]
driverlog,9,0,sam,20,0,0,0,0,0,0,0,"['pfile5.pddl', 'pfile10.pddl', 'pfile9.pddl', 'pfile8.pddl', 'pfile11.pddl', 'pfile4.pddl', 'pfile16.pddl', 'pfile3.pddl', 'pfile2.pddl', 'pfile17.pddl', 'pfile14.pddl', 'pfile1.pddl', 'pfile18.pddl', 'pfile19.pddl', 'pfile0.pddl', 'pfile15.pddl', 'pfile7.pddl', 'pfile12.pddl', 'pfile13.pddl', 'pfile6.pddl']",[],[],[],[],[],[],[]
driverlog,9,1,sam,20,0,0,0,0,0,0,0,"['pfile5.pddl', 'pfile10.pddl', 'pfile9.pddl', 'pfile8.pddl', 'pfile11.pddl', 'pfile4.pddl', 'pfile16.pddl', 'pfile3.pddl', 'pfile2.pddl', 'pfile17.pddl', 'pfile14.pddl', 'pfile1.pddl', 'pfile18.pddl', 'pfile19.pddl', 'pfile0.pddl', 'pfile15.pddl', 'pfile7.pddl', 'pfile12.pddl', 'pfile13.pddl', 'pfile6.pddl']",[],[],[],[],[],[],[]
driverlog,9,2,sam,20,0,0,0,0,0,0,0,"['pfile5.pddl', 'pfile10.pddl', 'pfile9.pddl', 'pfile8.pddl', 'pfile11.pddl', 'pfile4.pddl', 'pfile16.pddl', 'pfile3.pddl', 'pfile2.pddl', 'pfile17.pddl', 'pfile14.pddl', 'pfile1.pddl', 'pfile18.pddl', 'pfile19.pddl', 'pfile0.pddl', 'pfile15.pddl', 'pfile7.pddl', 'pfile12.pddl', 'pfile13.pddl', 'pfile6.pddl']",[],[],[],[],[],[],[]
driverlog,9,3,sam,20,0,0,0,0,0,0,0,"['pfile5.pddl', 'pfile10.pddl', 'pfile9.pddl', 'pfile8.pddl', 'pfile11.pddl', 'pfile4.pddl', 'pfile16.pddl', 'pfile3.pddl', 'pfile2.pddl', 'pfile17.pddl', 'pfile14.pddl', 'pfile1.pddl', 'pfile18.pddl', 'pfile19.pddl', 'pfile0.pddl', 'pfile15.pddl', 'pfile7.pddl', 'pfile12.pddl', 'pfile13.pddl', 'pfile6.pddl']",[],[],[],[],[],[],[]
driverlog,9,4,sam,20,0,0,0,0,0,0,0,"['pfile5.pddl', 'pfile10.pddl', 'pfile9.pddl', 'pfile8.pddl', 'pfile11.pddl', 'pfile4.pddl', 'pfile16.pddl', 'pfile3.pddl', 'pfile2.pddl', 'pfile17.pddl', 'pfile14.pddl', 'pfile1.pddl', 'pfile18.pddl', 'pfile19.pddl', 'pfile0.pddl', 'pfile15.pddl', 'pfile7.pddl', 'pfile12.pddl', 'pfile13.pddl', 'pfile6.pddl']",[],[],[],[],[],[],[]
driverlog,10,0,sam,20,0,0,0,0,0,0,0,"['pfile5.pddl', 'pfile10.pddl', 'pfile9.pddl', 'pfile8.pddl', 'pfile11.pddl', 'pfile4.pddl', 'pfile16.pddl', 'pfile3.pddl', 'pfile2.pddl', 'pfile17.pddl', 'pfile14.pddl', 'pfile1.pddl', 'pfile18.pddl', 'pfile19.pddl', 'pfile0.pddl', 'pfile15.pddl', 'pfile7.pddl', 'pfile12.pddl', 'pfile13.pddl', 'pfile6.pddl']",[],[],[],[],[],[],[]
driverlog,10,1,sam,20,0,0,0,0,0,0,0,"['pfile5.pddl', 'pfile10.pddl', 'pfile9.pddl', 'pfile8.pddl', 'pfile11.pddl', 'pfile4.pddl', 'pfile16.pddl', 'pfile3.pddl', 'pfile2.pddl', 'pfile17.pddl', 'pfile14.pddl', 'pfile1.pddl', 'pfile18.pddl', 'pfile19.pddl', 'pfile0.pddl', 'pfile15.pddl', 'pfile7.pddl', 'pfile12.pddl', 'pfile13.pddl', 'pfile6.pddl']",[],[],[],[],[],[],[]
driverlog,10,2,sam,20,0,0,0,0,0,0,0,"['pfile5.pddl', 'pfile10.pddl', 'pfile9.pddl', 'pfile8.pddl', 'pfile11.pddl', 'pfile4.pddl', 'pfile16.pddl', 'pfile3.pddl', 'pfile2.pddl', 'pfile17.pddl', 'pfile14.pddl', 'pfile1.pddl', 'pfile18.pddl', 'pfile19.pddl', 'pfile0.pddl', 'pfile15.pddl', 'pfile7.pddl', 'pfile12.pddl', 'pfile13.pddl', 'pfile6.pddl']",[],[],[],[],[],[],[]
driverlog,10,3,sam,20,0,0,0,0,0,0,0,"['pfile5.pddl', 'pfile10.pddl', 'pfile9.pddl', 'pfile8.pddl', 'pfile11.pddl', 'pfile4.pddl', 'pfile16.pddl', 'pfile3.pddl', 'pfile2.pddl', 'pfile17.pddl', 'pfile14.pddl', 'pfile1.pddl', 'pfile18.pddl', 'pfile19.pddl', 'pfile0.pddl', 'pfile15.pddl', 'pfile7.pddl', 'pfile12.pddl', 'pfile13.pddl', 'pfile6.pddl']",[],[],[],[],[],[],[]
driverlog,10,4,sam,20,0,0,0,0,0,0,0,"['pfile5.pddl', 'pfile10.pddl', 'pfile9.pddl', 'pfile8.pddl', 'pfile11.pddl', 'pfile4.pddl', 'pfile16.pddl', 'pfile3.pddl', 'pfile2.pddl', 'pfile17.pddl', 'pfile14.pddl', 'pfile1.pddl', 'pfile18.pddl', 'pfile19.pddl', 'pfile0.pddl', 'pfile15.pddl', 'pfile7.pddl', 'pfile12.pddl', 'pfile13.pddl', 'pfile6.pddl']",[],[],[],[],[],[],[]
driverlog,15,0,sam,20,0,0,0,0,0,0,0,"['pfile5.pddl', 'pfile10.pddl', 'pfile9.pddl', 'pfile8.pddl', 'pfile11.pddl', 'pfile4.pddl', 'pfile16.pddl', 'pfile3.pddl', 'pfile2.pddl', 'pfile17.pddl', 'pfile14.pddl', 'pfile1.pddl', 'pfile18.pddl', 'pfile19.pddl', 'pfile0.pddl', 'pfile15.pddl', 'pfile7.pddl', 'pfile12.pddl', 'pfile13.pddl', 'pfile6.pddl']",[],[],[],[],[],[],[]
driverlog,15,1,sam,20,0,0,0,0,0,0,0,"['pfile5.pddl', 'pfile10.pddl', 'pfile9.pddl', 'pfile8.pddl', 'pfile11.pddl', 'pfile4.pddl', 'pfile16.pddl', 'pfile3.pddl', 'pfile2.pddl', 'pfile17.pddl', 'pfile14.pddl', 'pfile1.pddl', 'pfile18.pddl', 'pfile19.pddl', 'pfile0.pddl', 'pfile15.pddl', 'pfile7.pddl', 'pfile12.pddl', 'pfile13.pddl', 'pfile6.pddl']",[],[],[],[],[],[],[]
driverlog,15,2,sam,20,0,0,0,0,0,0,0,"['pfile5.pddl', 'pfile10.pddl', 'pfile9.pddl', 'pfile8.pddl', 'pfile11.pddl', 'pfile4.pddl', 'pfile16.pddl', 'pfile3.pddl', 'pfile2.pddl', 'pfile17.pddl', 'pfile14.pddl', 'pfile1.pddl', 'pfile18.pddl', 'pfile19.pddl', 'pfile0.pddl', 'pfile15.pddl', 'pfile7.pddl', 'pfile12.pddl', 'pfile13.pddl', 'pfile6.pddl']",[],[],[],[],[],[],[]
driverlog,15,3,sam,20,0,0,0,0,0,0,0,"['pfile5.pddl', 'pfile10.pddl', 'pfile9.pddl', 'pfile8.pddl', 'pfile11.pddl', 'pfile4.pddl', 'pfile16.pddl', 'pfile3.pddl', 'pfile2.pddl', 'pfile17.pddl', 'pfile14.pddl', 'pfile1.pddl', 'pfile18.pddl', 'pfile19.pddl', 'pfile0.pddl', 'pfile15.pddl', 'pfile7.pddl', 'pfile12.pddl', 'pfile13.pddl', 'pfile6.pddl']",[],[],[],[],[],[],[]
driverlog,15,4,sam,20,0,0,0,0,0,0,0,"['pfile5.pddl', 'pfile10.pddl', 'pfile9.pddl', 'pfile8.pddl', 'pfile11.pddl', 'pfile4.pddl', 'pfile16.pddl', 'pfile3.pddl', 'pfile2.pddl', 'pfile17.pddl', 'pfile14.pddl', 'pfile1.pddl', 'pfile18.pddl', 'pfile19.pddl', 'pfile0.pddl', 'pfile15.pddl', 'pfile7.pddl', 'pfile12.pddl', 'pfile13.pddl', 'pfile6.pddl']",[],[],[],[],[],[],[]
